Customer_ID,Name,City,Contact_Number,Email,Gender,Address
C001,Brian Gregory,Westminster,+44 7011 123 456,anthony21@gmail.com,Female,"0666 Fisher Port Apt. 845, Warnerside, WV 30143"
C002,Heather Ferguson,Soho,+44 7022 234 567,carrieowen@yahoo.com,Female,"93880 Chris Trail, Cynthiaton, AL 09470"
C003,James Franklin,Covent Garden,+44 7033 345 678,valeriesoto@nunez-reilly.com,Male,"51798 Obrien Drive Suite 021, West Robert, MS 65794"
C004,Brett Manning,Mayfair,+44 7044 456 789,smithmichael@landry-garcia.biz,Female,"748 Jillian Loaf Apt. 098, Mayton, CO 33992"
C005,Tara Martinez,Holborn,+44 7055 567 890,williamholden@paul.com,Male,"227 Jennifer Vista Suite 515, Jacksonbury, PA 88815"
C006,Elizabeth Garcia,Camden,+44 7066 678 901,tammy53@hotmail.com,Female,"1080 Rowe Plains Suite 400, Port Christinaview, WI 05010"
C007,Chloe Marshall,Kensington,+44 7077 789 012,jevans@hotmail.com,Male,"997 Harper Common Suite 611, Lake Justinshire, IA 30754"
C008,Erica Bass,Chelsea,+44 7088 890 123,stewartdaniel@reed-shepherd.com,Female,"5069 Jackson Mall Suite 409, North Loganhaven, RI 14682"
C009,Jay Graham,Notting Hill,+44 7099 901 234,bwillis@yahoo.com,Female,"Unit 1651 Box 3427, DPO AA 20948"
C010,Kyle Brown,Shoreditch,+44 7100 012 345,cheryl75@faulkner.net,Male,"USCGC Davis, FPO AP 86440"
C011,Kimberly Patterson,Islington,+44 7111 123 456,johnallen@griffin.info,Female,"6584 Seth Lights Suite 164, Averyhaven, WV 04176"
C012,Walter Hess,Brixton,+44 7122 234 567,christine10@hotmail.com,Male,"2460 Julia Well Suite 967, Davidborough, IA 52243"
C013,Jason Moore,Greenwich,+44 7133 345 678,keithsanchez@yahoo.com,Female,"49205 Gonzales Greens Apt. 046, Thomaschester, ME 34290"
C014,Colin Rogers,Hackney,+44 7144 456 789,dsteele@smith-rose.com,Female,"4717 Victor Well Suite 431, West Joshuahaven, ID 40759"
C015,Tyler Petersen,Stratford,+44 7155 567 890,melissa38@brown.com,Female,"USNV Smith, FPO AE 80349"
C016,Sarah Evans,Croydon,+44 7166 678 901,austin23@hotmail.com,Male,"74483 Vega Summit Suite 012, Noahburgh, NE 80270"
C017,Bethany Dean,Harrow,+44 7177 789 012,luke52@wagner.com,Male,"529 Robinson Shores Suite 641, Ricardoland, CT 97851"
C018,James Madden,Ealing,+44 7188 890 123,brookesullivan@heath.org,Male,"0779 Washington Mills, Port Andrew, MT 37055"
C019,Dakota Williams,Hounslow,+44 7199 901 234,williamsonkatherine@gmail.com,Male,"Unit 1583 Box 3722, DPO AE 95388"
C020,Veronica Hayes,Barnet,+44 7200 012 345,owenskeith@yahoo.com,Male,"68205 Russell Ville Apt. 426, North Ethanberg, AR 07862"
C021,Dana Alvarado,Walthamstow,+44 7211 123 456,michael19@roberts-brown.com,Female,"359 Patricia Point Suite 999, Port Johnfurt, MN 59659"
C022,Kara Mckinney,Enfield,+44 7222 234 567,ashleyleonard@hotmail.com,Male,"73873 Galvan Coves Suite 450, North Omarview, TX 49072"
C023,Raven Williams,Barking and Dagenham,+44 7233 345 678,brendasutton@gmail.com,Male,"5283 Bobby Points, Catherineberg, SD 72756"
C024,Gregory Long,Westminster,+44 7244 456 789,turneramanda@gmail.com,Female,"808 Morris Forks Apt. 285, South Emilyburgh, DE 94663"
C025,Jeremiah Sanchez,Soho,+44 7255 567 890,sanchezdavid@mcdonald.info,Female,"30083 Welch Union Suite 916, Gallagherhaven, OR 10778"
C026,Brian Wu,Covent Garden,+44 7266 678 901,bryan21@brown.net,Female,"77409 James Port, Lake Michelle, MD 51689"
C027,Jason Villarreal,Mayfair,+44 7277 789 012,crystalmaxwell@gmail.com,Female,"074 Gregory Ridge Suite 193, Lake Jennifer, OH 12554"
C028,Michael Blackburn,Holborn,+44 7288 890 123,steven73@edwards.com,Female,"PSC 7334, Box 7446, APO AE 83516"
C029,Danielle Wilson,Camden,+44 7299 901 234,jessicabriggs@hotmail.com,Female,"56357 Maria Mission, New Christopherborough, TN 49279"
C030,Heather Watson,Kensington,+44 7300 012 345,leslievaughn@stephens-whitaker.biz,Male,"0255 Thomas Place, Wufort, NJ 84453"
C031,Paul Berry,Chelsea,+44 7311 123 456,shelley46@kim.com,Female,"699 Pitts Loop, Justinside, WY 49768"
C032,Tonya Santiago,Notting Hill,+44 7322 234 567,heather18@valencia.com,Male,"54444 Barbara Haven, New Richardville, MI 17022"
C033,Hannah Poole,Shoreditch,+44 7333 345 678,ricechristopher@clark.com,Female,"299 Destiny Stravenue, Port Michelleside, AK 04310"
C034,Sean Carr,Islington,+44 7344 456 789,zachary40@gmail.com,Male,"259 Shawn Plains Suite 990, East Brian, PA 37255"
C035,Austin Santos,Brixton,+44 7355 567 890,jonesjennifer@jones.org,Male,"163 Pearson Dale, New Nicholas, IA 06013"
C036,Nicholas Hanson,Greenwich,+44 7366 678 901,andrew41@stewart.org,Female,"40647 Dale Ford, Bernardburgh, NH 08533"
C037,Matthew Walker,Hackney,+44 7377 789 012,austindixon@hotmail.com,Male,"78813 Jill Hollow, South Staceymouth, NJ 84394"
C038,Billy Woods,Stratford,+44 7388 890 123,daniel39@yahoo.com,Female,"3285 Anderson Common Apt. 023, Kyleborough, IN 13485"
C039,Ashley Reyes,Croydon,+44 7399 901 234,donna67@king.org,Male,"3341 Jason Mill Apt. 285, Oscarfort, SD 95860"
C040,Marie Taylor,Harrow,+44 7400 012 345,warnerashley@mack-hayes.org,Female,"03090 Richard Stravenue Suite 567, East Linda, UT 82008"
C041,Dawn Gillespie,Ealing,+44 7411 123 456,harrisshawn@gmail.com,Male,"44344 Hoover Extensions, Robertland, MO 67900"
C042,John Williams,Hounslow,+44 7422 234 567,martinwendy@yahoo.com,Male,"189 Michael Tunnel Suite 830, New Andreamouth, TX 91399"
C043,Megan Larsen,Barnet,+44 7433 345 678,vrichards@yahoo.com,Female,"2396 Steven Ville Apt. 288, New Logan, MA 34864"
C044,Aaron Castillo,Walthamstow,+44 7444 456 789,ryan66@gmail.com,Female,"30569 Ryan Brook Apt. 596, Port Jasmine, IL 78464"
C045,Tony Norris,Enfield,+44 7455 567 890,williamsrobert@hotmail.com,Female,"34368 Gardner Station Suite 563, Collinsbury, KY 68826"
C046,Monica Lynch,Barking and Dagenham,+44 7466 678 901,scottbarbara@hotmail.com,Male,"543 Murray Junctions Apt. 060, Port Travischester, OR 61927"
C047,Frank Petersen,Westminster,+44 7477 789 012,jason74@yahoo.com,Male,"3672 Xavier Squares, South George, DE 70593"
C048,Thomas Moon,Soho,+44 7488 890 123,jtorres@yahoo.com,Male,"PSC 3014, Box 1460, APO AE 59981"
C049,Katelyn Martin,Covent Garden,+44 7499 901 234,robert64@santos.com,Female,"41463 Foster Haven Suite 082, West Jacobfort, WA 36291"
C050,Hannah Wood,Mayfair,+44 7500 012 345,jessicawilliams@gmail.com,Female,"8692 Jamie Fields Suite 876, Parkerfort, OH 16292"
C051,Jennifer Gray,Holborn,+44 7511 123 456,michael42@gonzalez-juarez.com,Female,"155 Emily Views, Port Derek, VA 12491"
C052,Brian Perez,Camden,+44 7522 234 567,kimberlylawrence@yahoo.com,Male,"037 Melinda Valley Suite 328, Lake Nancyshire, MN 64913"
C053,Peggy Peters,Kensington,+44 7533 345 678,wesley67@hotmail.com,Female,"8770 Ryan Center, West Olivialand, RI 03348"
C054,Susan Lee,Chelsea,+44 7544 456 789,sullivanjoseph@page-greene.com,Female,"38253 Barnes Path Apt. 749, Houseview, AK 75083"
C055,Brett Graham,Notting Hill,+44 7555 567 890,clarkmichelle@gmail.com,Male,"3211 Sean Falls, New Troystad, KY 31857"
C056,Linda Taylor,Shoreditch,+44 7566 678 901,hernandeztravis@parker-wallace.org,Male,"Unit 5224 Box 8328, DPO AP 95620"
C057,Sydney Turner,Islington,+44 7577 789 012,hernandezkarina@yahoo.com,Female,"967 Carpenter Mews, North Ambermouth, ID 53445"
C058,Jill Gibson,Brixton,+44 7588 890 123,mwalsh@gmail.com,Male,"50284 Webb Fall, Gonzalezside, IL 88616"
C059,Mr. Kevin Schwartz,Greenwich,+44 7599 901 234,richard68@hotmail.com,Male,"16858 Leah Spur Suite 771, Kerrytown, MN 82400"
C060,Justin Smith,Hackney,+44 7600 012 345,matthewnorman@robinson.com,Male,"971 Pitts Rapids, Guzmanchester, PA 67339"
C061,Mrs. Patty Herrera,Stratford,+44 7611 123 456,denise34@garcia.biz,Female,"USCGC Fisher, FPO AA 85949"
C062,Melissa Wells,Croydon,+44 7622 234 567,ofox@yahoo.com,Male,"45301 Willis Stream, Port Kelly, NY 13159"
C063,Alicia Williams,Harrow,+44 7633 345 678,deborah58@yahoo.com,Male,"8672 Lauren Field, West Roger, OH 85768"
C064,Joshua Rivera,Ealing,+44 7644 456 789,lmartinez@gmail.com,Male,"027 Gomez Forges Suite 276, Lake Shelbyside, CO 59273"
C065,Christopher Hill,Hounslow,+44 7655 567 890,carol45@yahoo.com,Male,"575 Jose Prairie Suite 147, Payneborough, MT 08518"
C066,Teresa Sanchez,Barnet,+44 7666 678 901,schwartzsheri@yahoo.com,Female,"9073 Todd Villages, Christinefort, CT 30915"
C067,Cynthia Luna,Walthamstow,+44 7677 789 012,baileykurt@cooper.biz,Male,"8801 Leah Vista Suite 812, North Lindaborough, ND 10137"
C068,Andrea Edwards,Enfield,+44 7688 890 123,garciaxavier@erickson.com,Male,"4563 Kline Knolls Suite 391, Ashleyburgh, WY 74312"
C069,Robert Ochoa,Barking and Dagenham,+44 7699 901 234,adamstina@davis-jones.info,Female,"38259 Hunt River, Lake Christopherville, HI 57312"
C070,Jasmine Smith,Westminster,+44 7700 012 345,daniel17@gmail.com,Male,"3700 Daniel Cliff Apt. 855, Port Crystalmouth, NV 42127"
C071,Melissa White,Soho,+44 7711 123 456,parrishshelly@gmail.com,Male,"218 Wong Cape Suite 568, Johnshaven, SD 77979"
C072,William Roberts,Covent Garden,+44 7722 234 567,wendy55@gmail.com,Male,"Unit 8706 Box 7676, DPO AP 09521"
C073,Christopher Cannon,Mayfair,+44 7733 345 678,pamtrujillo@anderson.com,Male,"58641 Kimberly Course, Cynthiaborough, NJ 13935"
C074,Steven Gibson,Holborn,+44 7744 456 789,joshua64@hotmail.com,Female,"7085 Jenkins Overpass, Kristinahaven, ND 75692"
C075,James Myers,Camden,+44 7755 567 890,jose74@schneider.com,Female,"17442 Steven Ranch Apt. 091, East Lawrencechester, OH 21987"
C076,Karen Martin,Kensington,+44 7766 678 901,cruzbrian@knapp.com,Female,"563 Hunt Lane Apt. 997, Brandyfort, VA 70500"
C077,Christopher Aguilar,Chelsea,+44 7777 789 012,dawsonkristin@burgess-flores.com,Female,"936 John Port Suite 149, Michaeltown, ND 40458"
C078,Jessica Gonzalez,Notting Hill,+44 7788 890 123,wrighteric@gmail.com,Female,"206 Travis Mills, Miaside, RI 66774"
C079,Joshua White,Shoreditch,+44 7799 901 234,fernandezkevin@wilson.com,Female,"PSC 0687, Box 5779, APO AE 34502"
C080,Summer Lewis,Islington,+44 7800 012 345,gomezjames@hotmail.com,Male,"99047 Conner Freeway Suite 406, Douglasshire, DC 54650"
C081,Angela Curry,Brixton,+44 7811 123 456,chambersbob@howard.biz,Male,"2422 Livingston Tunnel, East Jacob, ME 38720"
C082,Kayla Tran,Greenwich,+44 7822 234 567,johnmejia@allen.biz,Female,"21302 Peck Vista Suite 920, South Jessefort, CO 12054"
C083,Scott Bridges,Hackney,+44 7833 345 678,murraybailey@gmail.com,Male,"4278 Everett Plains, New Elizabeth, IL 01313"
C084,Kristin Velasquez,Stratford,+44 7844 456 789,paulagrant@hotmail.com,Male,"658 Lucas Radial, Tommyport, VA 52859"
C085,Jessica Keller,Croydon,+44 7855 567 890,justin55@hotmail.com,Male,"06897 White Road Apt. 438, South Michaelmouth, SD 86338"
C086,Alexander Deleon,Harrow,+44 7866 678 901,roberthaynes@hotmail.com,Female,"USNS Erickson, FPO AP 75691"
C087,Sarah Harris,Ealing,+44 7877 789 012,jjohnson@hotmail.com,Female,"975 Stevenson Place, Stephanieview, OK 72026"
C088,Christine Mcmahon,Hounslow,+44 7888 890 123,james91@weber.info,Female,"USCGC Warner, FPO AP 62923"
C089,Stacey Casey,Barnet,+44 7899 901 234,paullawson@yahoo.com,Female,"590 Mindy Squares, Gonzalesfurt, VA 25392"
C090,Amanda Pearson,Walthamstow,+44 7900 012 345,ijohnson@calderon-rogers.net,Female,"26249 Tracey Bridge Apt. 275, East Jaredchester, VT 73646"
C091,Dana Price,Enfield,+44 7911 123 456,imata@gmail.com,Female,"62871 Hall Falls, Port Ronald, KY 07709"
C092,Ashley Kelly,Barking and Dagenham,+44 7922 234 567,kayleechurch@lee.com,Male,"91139 Peters Harbor, Kathleenborough, AR 90932"
C093,Michelle Carter,Westminster,+44 7933 345 678,cartermichael@little.org,Male,"669 Jones Harbor, Michaelborough, MI 42922"
C094,Tamara Martinez,Soho,+44 7944 456 789,melissa37@gmail.com,Female,"941 Sarah Spring Suite 620, East Rebecca, OH 21447"
C095,Mary York,Covent Garden,+44 7955 567 890,adamdouglas@bautista.com,Female,"6416 David Stravenue, Castroland, VA 18941"
C096,Anthony Fry,Mayfair,+44 7966 678 901,deborahschwartz@miller.com,Male,"57738 Kimberly Prairie Suite 701, Port Dianeshire, WI 16385"
C097,Nancy Humphrey,Holborn,+44 7977 789 012,floydsherry@vazquez.info,Female,"043 Valdez Greens, Lake Kimberlyfurt, UT 19821"
C098,William Humphrey,Camden,+44 7988 890 123,stacyromero@david-anderson.com,Male,"PSC 9207, Box 9044, APO AA 94404"
C099,Matthew Henderson,Kensington,+44 7999 901 234,romanadam@brennan.com,Female,"72473 Gary Mission Suite 679, West Alexisport, AR 21449"
C100,Tonya Cline,Chelsea,+44 7000 012 345,robertbrady@yahoo.com,Female,"38482 Jacob Land Apt. 521, Ruizton, HI 05880"
