Product_ID,Product_Name,Category,Price (Pound),Occasion,Description
1,Lavender Plant,Plants,1520,Birthday,Lively green plants to brighten your space.
2,Iceland Card,Gift Cards,690,Wedding's Day,Gift cards for every mood and moment.
3,Rasgulla,Sweets,1534,Engagement Day,Tasty sweets to delight your every bite.
4,Blueberry Pan Cake,Cakes,1250,Anniversary's Day,Freshly baked cakes for sweet occasions.
5,Ceramic,Mugs,1444,Graduation Day,"Fun, stylish mugs for every warm sip."
6,Musical,Trophy,150,Farewells,Celebrate wins with our shining trophies.
7,Rose,Flowers,409,Holiday,Fresh flowers to express every feeling.
8,Tulip,Plants,252,Special Events,Lively green plants to brighten your space.
9,Tesco Card,Gift Cards,1605,Birthday,Gift cards for every mood and moment.
10,Rosemali,Sweets,350,Wedding's Day,Tasty sweets to delight your every bite.
11,Roseberry Pan Cake,Cakes,1096,Engagement Day,Freshly baked cakes for sweet occasions.
12,Glass Mug Set,Mugs,672,Anniversary's Day,"Fun, stylish mugs for every warm sip."
13,Golf Champions,Trophy,1141,Graduation Day,Celebrate wins with our shining trophies.
14,Lily,Flowers,1915,Farewells,Fresh flowers to express every feeling.
15,Snake Plant,Plants,1488,Holiday,Lively green plants to brighten your space.
16,ALDI Card,Gift Cards,1201,Special Events,Gift cards for every mood and moment.
17,Kulfi,Sweets,1950,Birthday,Tasty sweets to delight your every bite.
18,Sweet Pan Cake,Cakes,850,Wedding's Day,Freshly baked cakes for sweet occasions.
19,12 mugs set,Mugs,1234,Engagement Day,"Fun, stylish mugs for every warm sip."
20,Entertainment Excellence,Trophy,697,Anniversary's Day,Celebrate wins with our shining trophies.
21,Orchid,Flowers,1580,Graduation Day,Fresh flowers to express every feeling.
22,Cactus,Plants,580,Farewells,Lively green plants to brighten your space.
23,LIDL Card,Gift Cards,2050,Holiday,Gift cards for every mood and moment.
24,Sandesh,Sweets,535,Special Events,Tasty sweets to delight your every bite.
25,Birthday Special Cake,Cakes,1202,Birthday,Freshly baked cakes for sweet occasions.
26,Nice Ceramic Set,Mugs,500,Wedding's Day,"Fun, stylish mugs for every warm sip."
27,Entertainment Icon,Trophy,354,Engagement Day,Celebrate wins with our shining trophies.
28,Sunflower,Flowers,558,Anniversary's Day,Fresh flowers to express every feeling.
29,Cactus big size,Plants,1252,Graduation Day,Lively green plants to brighten your space.
30,LIDL Card,Gift Cards,751,Farewells,Gift cards for every mood and moment.
31,Sandesh,Sweets,1804,Holiday,Tasty sweets to delight your every bite.
32,Special Event Cake,Cakes,1792,Special Events,Freshly baked cakes for sweet occasions.
33,Stainless Steel Mugs,Mugs,314,Birthday,"Fun, stylish mugs for every warm sip."
34,Memorable Trophy,Trophy,1335,Wedding's Day,Celebrate wins with our shining trophies.
35,Lily,Flowers,1865,Engagement Day,Fresh flowers to express every feeling.
36,Snake Plant,Plants,500,Anniversary's Day,Lively green plants to brighten your space.
37,Bonus Card,Gift Cards,1428,Graduation Day,Gift cards for every mood and moment.
38,Gulab Jamun,Sweets,562,Farewells,Tasty sweets to delight your every bite.
39,Eggless Cake,Cakes,387,Holiday,Freshly baked cakes for sweet occasions.
40,Monster Mugs set,Mugs,1923,Special Events,"Fun, stylish mugs for every warm sip."
41,Spotlight Award,Trophy,1977,Birthday,Celebrate wins with our shining trophies.
42,Sunflower,Flowers,1744,Wedding's Day,Fresh flowers to express every feeling.
43,Succulents,Plants,750,Engagement Day,Lively green plants to brighten your space.
44,Sainsbury's Card,Gift Cards,794,Anniversary's Day,Gift cards for every mood and moment.
45,Jalebi,Sweets,722,Graduation Day,Tasty sweets to delight your every bite.
46,Nutmug Cake,Cakes,758,Farewells,Freshly baked cakes for sweet occasions.
47,Apple Ceramic Mug,Mugs,1638,Holiday,"Fun, stylish mugs for every warm sip."
48,Pinnacle Award,Trophy,433,Special Events,Celebrate wins with our shining trophies.
49,Rose,Flowers,903,Birthday,Fresh flowers to express every feeling.
50,Rosemarry,Plants,422,Wedding's Day,Lively green plants to brighten your space.
51,Tesco Card,Gift Cards,1084,Engagement Day,Gift cards for every mood and moment.
52,Kheer,Sweets,236,Anniversary's Day,Tasty sweets to delight your every bite.
53,Sweetless Cake,Cakes,1672,Graduation Day,Freshly baked cakes for sweet occasions.
54,Tea Cup Set,Mugs,1236,Farewells,"Fun, stylish mugs for every warm sip."
55,Life Trophy,Trophy,1904,Holiday,Celebrate wins with our shining trophies.
56,Cherry,Flowers,1272,Special Events,Fresh flowers to express every feeling.
57,Tomattoes Plant,Plants,1582,Birthday,Lively green plants to brighten your space.
58,LIDL Card,Gift Cards,1492,Wedding's Day,Gift cards for every mood and moment.
59,Laddu,Sweets,811,Engagement Day,Tasty sweets to delight your every bite.
60,Dry Cake,Cakes,827,Anniversary's Day,Freshly baked cakes for sweet occasions.
61,Special Mugs,Mugs,810,Graduation Day,"Fun, stylish mugs for every warm sip."
62,Star Performance,Trophy,1356,Farewells,Celebrate wins with our shining trophies.
63,Lotus,Flowers,1348,Holiday,Fresh flowers to express every feeling.
64,Banana plant,Plants,1878,Special Events,Lively green plants to brighten your space.
65,Tesco Gift,Gift Cards,1895,Birthday,Gift cards for every mood and moment.
66,Rasgulla,Sweets,610,Wedding's Day,Tasty sweets to delight your every bite.
67,Bangladeshi Cake,Cakes,1374,Engagement Day,Freshly baked cakes for sweet occasions.
68,RFL mugs,Mugs,597,Anniversary's Day,"Fun, stylish mugs for every warm sip."
69,Victory Trophy,Trophy,998,Graduation Day,Celebrate wins with our shining trophies.
70,Irises,Flowers,866,Farewells,Fresh flowers to express every feeling.
